{"cameraMode":{"drawMode":3,"name":"Shadow Cascades","section":"Miscellaneous"},"sceneLighting":true,"audioPlay":false,"sceneViewState":{"showFog":true,"showMaterialUpdate":false,"showSkybox":true,"showFlares":true,"showImageEffects":true,"showParticleSystems":true},"in2DMode":false,"pivot":{"x":594.914306640625,"y":1288.75927734375,"z":-3.875244140625},"rotation":{"x":-0.049439217895269397,"y":0.04043934494256973,"z":0.002003384754061699,"w":0.9979561567306519},"size":1807.790771484375,"orthographic":true}